[
    {
        "model": "admin.logentry",
        "pk": 1,
        "fields": {
            "action_time": "2023-02-16T11:54:47.959Z",
            "user": 1,
            "content_type": 15,
            "object_id": "1",
            "object_repr": "AutoArt",
            "action_flag": 1,
            "change_message": "[{\"added\": {}}]"
        }
    },
    {
        "model": "admin.logentry",
        "pk": 4,
        "fields": {
            "action_time": "2023-02-16T12:51:16.355Z",
            "user": 1,
            "content_type": 9,
            "object_id": "1",
            "object_repr": "1:18 Aston Martin DBS Supeleggera in Lightning Silver. Open diecast model with steerable wheels, opening doors, hood and trunk. Comes in a brand new, unopened and undamaged box.",
            "action_flag": 1,
            "change_message": "[{\"added\": {}}]"
        }
    },
    {
        "model": "admin.logentry",
        "pk": 5,
        "fields": {
            "action_time": "2023-02-16T13:02:24.949Z",
            "user": 1,
            "content_type": 9,
            "object_id": "1",
            "object_repr": "Aston Martin DBS Supeleggera Lightning Silver",
            "action_flag": 2,
            "change_message": "[{\"changed\": {\"fields\": [\"Desc\"]}}]"
        }
    },
    {
        "model": "admin.logentry",
        "pk": 6,
        "fields": {
            "action_time": "2023-02-16T13:04:17.607Z",
            "user": 1,
            "content_type": 9,
            "object_id": "2",
            "object_repr": "Bugatti EB Veyron 16.4 Pup Sang Black/Aluminum Casting",
            "action_flag": 1,
            "change_message": "[{\"added\": {}}]"
        }
    },
    {
        "model": "admin.logentry",
        "pk": 7,
        "fields": {
            "action_time": "2023-02-16T13:07:50.827Z",
            "user": 1,
            "content_type": 9,
            "object_id": "3",
            "object_repr": "Hennessey Venom GT Spyder White",
            "action_flag": 1,
            "change_message": "[{\"added\": {}}]"
        }
    },
    {
        "model": "admin.logentry",
        "pk": 8,
        "fields": {
            "action_time": "2023-02-16T13:09:57.421Z",
            "user": 1,
            "content_type": 9,
            "object_id": "4",
            "object_repr": "Lamborghini Aventador SVJ Pearl Purple",
            "action_flag": 1,
            "change_message": "[{\"added\": {}}]"
        }
    },
    {
        "model": "admin.logentry",
        "pk": 9,
        "fields": {
            "action_time": "2023-02-16T13:13:03.960Z",
            "user": 1,
            "content_type": 9,
            "object_id": "5",
            "object_repr": "Lamborghini Huracan Evo Forest Green",
            "action_flag": 1,
            "change_message": "[{\"added\": {}}]"
        }
    },
    {
        "model": "admin.logentry",
        "pk": 10,
        "fields": {
            "action_time": "2023-02-16T13:14:06.182Z",
            "user": 1,
            "content_type": 9,
            "object_id": "4",
            "object_repr": "Lamborghini Aventador SVJ Pearl Purple",
            "action_flag": 2,
            "change_message": "[{\"changed\": {\"fields\": [\"Image\"]}}]"
        }
    },
    {
        "model": "admin.logentry",
        "pk": 11,
        "fields": {
            "action_time": "2023-02-16T13:14:13.209Z",
            "user": 1,
            "content_type": 9,
            "object_id": "5",
            "object_repr": "Lamborghini Huracan Evo Forest Green",
            "action_flag": 2,
            "change_message": "[{\"changed\": {\"fields\": [\"Image\"]}}]"
        }
    },
    {
        "model": "admin.logentry",
        "pk": 12,
        "fields": {
            "action_time": "2023-02-16T13:16:28.755Z",
            "user": 1,
            "content_type": 9,
            "object_id": "6",
            "object_repr": "Lexus LFA Pearl Red",
            "action_flag": 1,
            "change_message": "[{\"added\": {}}]"
        }
    },
    {
        "model": "admin.logentry",
        "pk": 13,
        "fields": {
            "action_time": "2023-02-16T13:19:23.708Z",
            "user": 1,
            "content_type": 9,
            "object_id": "7",
            "object_repr": "McLaren P1 Azure Blue",
            "action_flag": 1,
            "change_message": "[{\"added\": {}}]"
        }
    },
    {
        "model": "admin.logentry",
        "pk": 14,
        "fields": {
            "action_time": "2023-02-16T13:19:30.205Z",
            "user": 1,
            "content_type": 9,
            "object_id": "6",
            "object_repr": "Lexus LFA Pearl Red",
            "action_flag": 2,
            "change_message": "[{\"changed\": {\"fields\": [\"Desc\"]}}]"
        }
    },
    {
        "model": "admin.logentry",
        "pk": 15,
        "fields": {
            "action_time": "2023-02-16T13:19:37.720Z",
            "user": 1,
            "content_type": 9,
            "object_id": "5",
            "object_repr": "Lamborghini Huracan Evo Forest Green",
            "action_flag": 2,
            "change_message": "[{\"changed\": {\"fields\": [\"Desc\"]}}]"
        }
    },
    {
        "model": "admin.logentry",
        "pk": 16,
        "fields": {
            "action_time": "2023-02-16T13:19:44.530Z",
            "user": 1,
            "content_type": 9,
            "object_id": "4",
            "object_repr": "Lamborghini Aventador SVJ Pearl Purple",
            "action_flag": 2,
            "change_message": "[{\"changed\": {\"fields\": [\"Desc\"]}}]"
        }
    },
    {
        "model": "admin.logentry",
        "pk": 17,
        "fields": {
            "action_time": "2023-02-16T13:19:51.173Z",
            "user": 1,
            "content_type": 9,
            "object_id": "3",
            "object_repr": "Hennessey Venom GT Spyder White",
            "action_flag": 2,
            "change_message": "[{\"changed\": {\"fields\": [\"Desc\"]}}]"
        }
    },
    {
        "model": "admin.logentry",
        "pk": 18,
        "fields": {
            "action_time": "2023-02-16T13:19:57.410Z",
            "user": 1,
            "content_type": 9,
            "object_id": "2",
            "object_repr": "Bugatti EB Veyron 16.4 Pup Sang Black/Aluminum Casting",
            "action_flag": 2,
            "change_message": "[{\"changed\": {\"fields\": [\"Desc\"]}}]"
        }
    },
    {
        "model": "admin.logentry",
        "pk": 19,
        "fields": {
            "action_time": "2023-02-16T13:22:00.878Z",
            "user": 1,
            "content_type": 9,
            "object_id": "8",
            "object_repr": "McLaren Senna Stealth Cosmos/Black",
            "action_flag": 1,
            "change_message": "[{\"added\": {}}]"
        }
    },
    {
        "model": "admin.logentry",
        "pk": 20,
        "fields": {
            "action_time": "2023-02-16T13:23:01.242Z",
            "user": 1,
            "content_type": 9,
            "object_id": "8",
            "object_repr": "McLaren Senna Black",
            "action_flag": 2,
            "change_message": "[{\"changed\": {\"fields\": [\"Title\", \"Desc\"]}}]"
        }
    },
    {
        "model": "admin.logentry",
        "pk": 21,
        "fields": {
            "action_time": "2023-02-16T13:23:32.747Z",
            "user": 1,
            "content_type": 9,
            "object_id": "9",
            "object_repr": "McLaren Senna Trophy Orange",
            "action_flag": 1,
            "change_message": "[{\"added\": {}}]"
        }
    },
    {
        "model": "admin.logentry",
        "pk": 22,
        "fields": {
            "action_time": "2023-02-16T13:23:45.257Z",
            "user": 1,
            "content_type": 9,
            "object_id": "8",
            "object_repr": "McLaren Senna Stealth Black",
            "action_flag": 2,
            "change_message": "[{\"changed\": {\"fields\": [\"Title\", \"Desc\"]}}]"
        }
    },
    {
        "model": "admin.logentry",
        "pk": 23,
        "fields": {
            "action_time": "2023-02-16T13:26:15.576Z",
            "user": 1,
            "content_type": 9,
            "object_id": "10",
            "object_repr": "Pagani Huayra Metallic Silver",
            "action_flag": 1,
            "change_message": "[{\"added\": {}}]"
        }
    },
    {
        "model": "admin.logentry",
        "pk": 24,
        "fields": {
            "action_time": "2023-02-16T13:28:16.079Z",
            "user": 1,
            "content_type": 9,
            "object_id": "11",
            "object_repr": "Porsche 911 GT2 RS Weissach Package GT Silver",
            "action_flag": 1,
            "change_message": "[{\"added\": {}}]"
        }
    },
    {
        "model": "admin.logentry",
        "pk": 25,
        "fields": {
            "action_time": "2023-02-16T13:30:34.580Z",
            "user": 1,
            "content_type": 9,
            "object_id": "12",
            "object_repr": "Lamborghini Aventador LP700-4 Metallic Grey",
            "action_flag": 1,
            "change_message": "[{\"added\": {}}]"
        }
    },
    {
        "model": "admin.logentry",
        "pk": 26,
        "fields": {
            "action_time": "2023-02-16T13:32:01.874Z",
            "user": 1,
            "content_type": 9,
            "object_id": "13",
            "object_repr": "Lamborghini Countach 5000S Blue",
            "action_flag": 1,
            "change_message": "[{\"added\": {}}]"
        }
    },
    {
        "model": "admin.logentry",
        "pk": 27,
        "fields": {
            "action_time": "2023-02-16T13:32:08.858Z",
            "user": 1,
            "content_type": 9,
            "object_id": "12",
            "object_repr": "Lamborghini Aventador LP700-4 Metallic Grey",
            "action_flag": 2,
            "change_message": "[{\"changed\": {\"fields\": [\"Desc\"]}}]"
        }
    },
    {
        "model": "admin.logentry",
        "pk": 28,
        "fields": {
            "action_time": "2023-02-16T13:34:37.813Z",
            "user": 1,
            "content_type": 9,
            "object_id": "14",
            "object_repr": "McLaren F1 Metallic Black",
            "action_flag": 1,
            "change_message": "[{\"added\": {}}]"
        }
    },
    {
        "model": "admin.logentry",
        "pk": 29,
        "fields": {
            "action_time": "2023-02-16T14:18:14.598Z",
            "user": 1,
            "content_type": 9,
            "object_id": "6",
            "object_repr": "Lexus LFA Pearl Red",
            "action_flag": 2,
            "change_message": "[{\"changed\": {\"fields\": [\"Image\"]}}]"
        }
    },
    {
        "model": "admin.logentry",
        "pk": 30,
        "fields": {
            "action_time": "2023-02-20T12:31:51.554Z",
            "user": 1,
            "content_type": 15,
            "object_id": "2",
            "object_repr": "MR-Collection",
            "action_flag": 1,
            "change_message": "[{\"added\": {}}]"
        }
    },
    {
        "model": "admin.logentry",
        "pk": 31,
        "fields": {
            "action_time": "2023-02-20T14:04:55.922Z",
            "user": 1,
            "content_type": 9,
            "object_id": "15",
            "object_repr": "Bugatti Chiron Light Blue",
            "action_flag": 1,
            "change_message": "[{\"added\": {}}]"
        }
    },
    {
        "model": "admin.logentry",
        "pk": 32,
        "fields": {
            "action_time": "2023-02-20T14:08:44.357Z",
            "user": 1,
            "content_type": 9,
            "object_id": "16",
            "object_repr": "Ferrari 458 Speciale A Tri-layer Yellow",
            "action_flag": 1,
            "change_message": "[{\"added\": {}}]"
        }
    },
    {
        "model": "admin.logentry",
        "pk": 33,
        "fields": {
            "action_time": "2023-02-20T14:08:49.713Z",
            "user": 1,
            "content_type": 9,
            "object_id": "15",
            "object_repr": "Bugatti Chiron Light Blue",
            "action_flag": 2,
            "change_message": "[{\"changed\": {\"fields\": [\"Price\"]}}]"
        }
    },
    {
        "model": "admin.logentry",
        "pk": 34,
        "fields": {
            "action_time": "2023-02-20T14:11:06.992Z",
            "user": 1,
            "content_type": 9,
            "object_id": "17",
            "object_repr": "Lamborghini Hurac├ƒn Performante Spyder Mantis Green",
            "action_flag": 1,
            "change_message": "[{\"added\": {}}]"
        }
    },
    {
        "model": "admin.logentry",
        "pk": 35,
        "fields": {
            "action_time": "2023-02-20T14:14:35.332Z",
            "user": 1,
            "content_type": 9,
            "object_id": "18",
            "object_repr": "Ferrari LaFerrari Aperta Mettalic Black",
            "action_flag": 1,
            "change_message": "[{\"added\": {}}]"
        }
    },
    {
        "model": "admin.logentry",
        "pk": 36,
        "fields": {
            "action_time": "2023-02-20T14:14:45.374Z",
            "user": 1,
            "content_type": 9,
            "object_id": "15",
            "object_repr": "Bugatti Chiron Light Blue",
            "action_flag": 2,
            "change_message": "[{\"changed\": {\"fields\": [\"Desc\"]}}]"
        }
    },
    {
        "model": "admin.logentry",
        "pk": 37,
        "fields": {
            "action_time": "2023-02-20T14:14:50.611Z",
            "user": 1,
            "content_type": 9,
            "object_id": "16",
            "object_repr": "Ferrari 458 Speciale A Tri-layer Yellow",
            "action_flag": 2,
            "change_message": "[{\"changed\": {\"fields\": [\"Desc\"]}}]"
        }
    },
    {
        "model": "admin.logentry",
        "pk": 38,
        "fields": {
            "action_time": "2023-02-20T14:14:58.633Z",
            "user": 1,
            "content_type": 9,
            "object_id": "17",
            "object_repr": "Lamborghini Hurac├ƒn Performante Spyder Mantis Green",
            "action_flag": 2,
            "change_message": "[{\"changed\": {\"fields\": [\"Desc\"]}}]"
        }
    },
    {
        "model": "admin.logentry",
        "pk": 39,
        "fields": {
            "action_time": "2023-02-20T14:19:14.392Z",
            "user": 1,
            "content_type": 9,
            "object_id": "19",
            "object_repr": "Bugatti Divo Metallic Silver",
            "action_flag": 1,
            "change_message": "[{\"added\": {}}]"
        }
    },
    {
        "model": "admin.logentry",
        "pk": 40,
        "fields": {
            "action_time": "2023-02-20T14:21:11.258Z",
            "user": 1,
            "content_type": 9,
            "object_id": "20",
            "object_repr": "Lamborghini Terzo Millennio",
            "action_flag": 1,
            "change_message": "[{\"added\": {}}]"
        }
    },
    {
        "model": "admin.logentry",
        "pk": 41,
        "fields": {
            "action_time": "2023-02-20T14:31:00.415Z",
            "user": 1,
            "content_type": 9,
            "object_id": "19",
            "object_repr": "Bugatti Divo Metallic Silver",
            "action_flag": 2,
            "change_message": "[{\"changed\": {\"fields\": [\"Desc\"]}}]"
        }
    },
    {
        "model": "admin.logentry",
        "pk": 42,
        "fields": {
            "action_time": "2023-02-20T14:33:44.640Z",
            "user": 1,
            "content_type": 9,
            "object_id": "19",
            "object_repr": "Bugatti Divo Metallic Silver",
            "action_flag": 2,
            "change_message": "[{\"changed\": {\"fields\": [\"Desc\"]}}]"
        }
    },
    {
        "model": "admin.logentry",
        "pk": 43,
        "fields": {
            "action_time": "2023-02-20T14:35:17.024Z",
            "user": 1,
            "content_type": 9,
            "object_id": "19",
            "object_repr": "Bugatti Divo Metallic Silver",
            "action_flag": 2,
            "change_message": "[{\"changed\": {\"fields\": [\"Desc\"]}}]"
        }
    },
    {
        "model": "admin.logentry",
        "pk": 44,
        "fields": {
            "action_time": "2023-02-20T14:36:03.253Z",
            "user": 1,
            "content_type": 9,
            "object_id": "19",
            "object_repr": "Bugatti Divo Metallic Silver",
            "action_flag": 2,
            "change_message": "[]"
        }
    },
    {
        "model": "admin.logentry",
        "pk": 45,
        "fields": {
            "action_time": "2023-02-20T14:53:21.071Z",
            "user": 1,
            "content_type": 9,
            "object_id": "21",
            "object_repr": "Ferrari F8 Tributo",
            "action_flag": 1,
            "change_message": "[{\"added\": {}}]"
        }
    },
    {
        "model": "admin.logentry",
        "pk": 46,
        "fields": {
            "action_time": "2023-02-20T14:56:06.865Z",
            "user": 1,
            "content_type": 9,
            "object_id": "22",
            "object_repr": "Ferrari FXX-K Evo White",
            "action_flag": 1,
            "change_message": "[{\"added\": {}}]"
        }
    },
    {
        "model": "admin.logentry",
        "pk": 47,
        "fields": {
            "action_time": "2023-02-20T14:59:16.076Z",
            "user": 1,
            "content_type": 9,
            "object_id": "23",
            "object_repr": "Lamborghini Aventador S Roadster 50th Ann. Japan Pegasus Black",
            "action_flag": 1,
            "change_message": "[{\"added\": {}}]"
        }
    },
    {
        "model": "admin.logentry",
        "pk": 48,
        "fields": {
            "action_time": "2023-02-20T15:01:46.179Z",
            "user": 1,
            "content_type": 9,
            "object_id": "24",
            "object_repr": "Ferrari LaFerrari Aperta Red Corsa",
            "action_flag": 1,
            "change_message": "[{\"added\": {}}]"
        }
    },
    {
        "model": "admin.logentry",
        "pk": 50,
        "fields": {
            "action_time": "2023-02-20T15:06:49.665Z",
            "user": 1,
            "content_type": 9,
            "object_id": "26",
            "object_repr": "Lamborghini Invencible Hephaestus red",
            "action_flag": 1,
            "change_message": "[{\"added\": {}}]"
        }
    },
    {
        "model": "admin.logentry",
        "pk": 51,
        "fields": {
            "action_time": "2023-02-20T15:12:22.927Z",
            "user": 1,
            "content_type": 9,
            "object_id": "4",
            "object_repr": "Lamborghini Aventador SVJ Pearl Purple",
            "action_flag": 2,
            "change_message": "[{\"changed\": {\"fields\": [\"Desc\"]}}]"
        }
    },
    {
        "model": "admin.logentry",
        "pk": 52,
        "fields": {
            "action_time": "2023-02-20T15:15:57.196Z",
            "user": 1,
            "content_type": 9,
            "object_id": "1",
            "object_repr": "Aston Martin DBS Supeleggera Lightning Silver",
            "action_flag": 2,
            "change_message": "[{\"changed\": {\"fields\": [\"Desc\"]}}]"
        }
    },
    {
        "model": "admin.logentry",
        "pk": 53,
        "fields": {
            "action_time": "2023-02-20T15:16:49.338Z",
            "user": 1,
            "content_type": 9,
            "object_id": "2",
            "object_repr": "Bugatti EB Veyron 16.4 Pup Sang Black/Aluminum Casting",
            "action_flag": 2,
            "change_message": "[{\"changed\": {\"fields\": [\"Desc\"]}}]"
        }
    },
    {
        "model": "admin.logentry",
        "pk": 54,
        "fields": {
            "action_time": "2023-02-20T15:20:43.451Z",
            "user": 1,
            "content_type": 9,
            "object_id": "3",
            "object_repr": "Hennessey Venom GT Spyder White",
            "action_flag": 2,
            "change_message": "[{\"changed\": {\"fields\": [\"Desc\"]}}]"
        }
    },
    {
        "model": "admin.logentry",
        "pk": 55,
        "fields": {
            "action_time": "2023-02-20T15:22:03.182Z",
            "user": 1,
            "content_type": 9,
            "object_id": "5",
            "object_repr": "Lamborghini Huracan Evo Forest Green",
            "action_flag": 2,
            "change_message": "[{\"changed\": {\"fields\": [\"Desc\"]}}]"
        }
    },
    {
        "model": "admin.logentry",
        "pk": 56,
        "fields": {
            "action_time": "2023-02-20T15:26:16.854Z",
            "user": 1,
            "content_type": 9,
            "object_id": "6",
            "object_repr": "Lexus LFA Pearl Red",
            "action_flag": 2,
            "change_message": "[{\"changed\": {\"fields\": [\"Desc\"]}}]"
        }
    },
    {
        "model": "admin.logentry",
        "pk": 57,
        "fields": {
            "action_time": "2023-02-20T15:30:02.177Z",
            "user": 1,
            "content_type": 9,
            "object_id": "7",
            "object_repr": "McLaren P1 Azure Blue",
            "action_flag": 2,
            "change_message": "[{\"changed\": {\"fields\": [\"Desc\"]}}]"
        }
    },
    {
        "model": "admin.logentry",
        "pk": 58,
        "fields": {
            "action_time": "2023-02-20T15:32:27.043Z",
            "user": 1,
            "content_type": 9,
            "object_id": "8",
            "object_repr": "McLaren Senna Stealth Black",
            "action_flag": 2,
            "change_message": "[{\"changed\": {\"fields\": [\"Desc\"]}}]"
        }
    },
    {
        "model": "admin.logentry",
        "pk": 59,
        "fields": {
            "action_time": "2023-02-20T15:32:57.654Z",
            "user": 1,
            "content_type": 9,
            "object_id": "9",
            "object_repr": "McLaren Senna Trophy Orange",
            "action_flag": 2,
            "change_message": "[{\"changed\": {\"fields\": [\"Desc\"]}}]"
        }
    },
    {
        "model": "admin.logentry",
        "pk": 60,
        "fields": {
            "action_time": "2023-02-20T15:42:47.356Z",
            "user": 1,
            "content_type": 9,
            "object_id": "10",
            "object_repr": "Pagani Huayra Metallic Silver",
            "action_flag": 2,
            "change_message": "[{\"changed\": {\"fields\": [\"Desc\"]}}]"
        }
    },
    {
        "model": "admin.logentry",
        "pk": 61,
        "fields": {
            "action_time": "2023-02-20T15:44:52.547Z",
            "user": 1,
            "content_type": 9,
            "object_id": "11",
            "object_repr": "Porsche 911 GT2 RS Weissach Package GT Silver",
            "action_flag": 2,
            "change_message": "[{\"changed\": {\"fields\": [\"Desc\"]}}]"
        }
    },
    {
        "model": "admin.logentry",
        "pk": 62,
        "fields": {
            "action_time": "2023-02-20T15:47:38.973Z",
            "user": 1,
            "content_type": 9,
            "object_id": "12",
            "object_repr": "Lamborghini Aventador LP700-4 Metallic Grey",
            "action_flag": 2,
            "change_message": "[{\"changed\": {\"fields\": [\"Desc\"]}}]"
        }
    },
    {
        "model": "admin.logentry",
        "pk": 63,
        "fields": {
            "action_time": "2023-02-20T15:50:08Z",
            "user": 1,
            "content_type": 9,
            "object_id": "13",
            "object_repr": "Lamborghini Countach 5000S Blue",
            "action_flag": 2,
            "change_message": "[{\"changed\": {\"fields\": [\"Desc\"]}}]"
        }
    },
    {
        "model": "admin.logentry",
        "pk": 64,
        "fields": {
            "action_time": "2023-02-20T15:52:18.216Z",
            "user": 1,
            "content_type": 9,
            "object_id": "14",
            "object_repr": "McLaren F1 Metallic Black",
            "action_flag": 2,
            "change_message": "[{\"changed\": {\"fields\": [\"Desc\"]}}]"
        }
    },
    {
        "model": "admin.logentry",
        "pk": 65,
        "fields": {
            "action_time": "2023-02-20T16:21:23.832Z",
            "user": 1,
            "content_type": 9,
            "object_id": "23",
            "object_repr": "Lamborghini Aventador S Roadster 50th Ann. Japan Pegasus Black",
            "action_flag": 2,
            "change_message": "[{\"changed\": {\"fields\": [\"Desc\"]}}]"
        }
    },
    {
        "model": "admin.logentry",
        "pk": 66,
        "fields": {
            "action_time": "2023-02-23T12:11:07.366Z",
            "user": 1,
            "content_type": 9,
            "object_id": "2",
            "object_repr": "Bugatti EB Veyron 16.4 Black/Aluminum Casting",
            "action_flag": 2,
            "change_message": "[{\"changed\": {\"fields\": [\"Title\", \"Desc\"]}}]"
        }
    },
    {
        "model": "admin.logentry",
        "pk": 67,
        "fields": {
            "action_time": "2023-02-25T18:45:57.368Z",
            "user": 1,
            "content_type": 9,
            "object_id": "25",
            "object_repr": "Lamborghini AutenticaTitan Grey",
            "action_flag": 2,
            "change_message": "[{\"changed\": {\"fields\": [\"Title\", \"Desc\", \"Image\"]}}]"
        }
    },
    {
        "model": "admin.logentry",
        "pk": 68,
        "fields": {
            "action_time": "2023-02-25T18:46:07.091Z",
            "user": 1,
            "content_type": 9,
            "object_id": "26",
            "object_repr": "Lamborghini Invencible Hephaestus red",
            "action_flag": 2,
            "change_message": "[{\"changed\": {\"fields\": [\"Desc\"]}}]"
        }
    },
    {
        "model": "admin.logentry",
        "pk": 69,
        "fields": {
            "action_time": "2023-02-25T18:47:09.342Z",
            "user": 1,
            "content_type": 9,
            "object_id": "23",
            "object_repr": "Lamborghini Aventador S Roadster 50th Ann. Japan Pegasus Black",
            "action_flag": 2,
            "change_message": "[{\"changed\": {\"fields\": [\"Desc\"]}}]"
        }
    },
    {
        "model": "admin.logentry",
        "pk": 70,
        "fields": {
            "action_time": "2023-02-25T18:47:51.652Z",
            "user": 1,
            "content_type": 9,
            "object_id": "22",
            "object_repr": "Ferrari FXX-K Evo White",
            "action_flag": 2,
            "change_message": "[{\"changed\": {\"fields\": [\"Desc\"]}}]"
        }
    },
    {
        "model": "admin.logentry",
        "pk": 71,
        "fields": {
            "action_time": "2023-02-25T18:49:41.282Z",
            "user": 1,
            "content_type": 9,
            "object_id": "19",
            "object_repr": "Bugatti Divo Metallic Silver",
            "action_flag": 2,
            "change_message": "[{\"changed\": {\"fields\": [\"Desc\"]}}]"
        }
    },
    {
        "model": "admin.logentry",
        "pk": 72,
        "fields": {
            "action_time": "2023-02-25T18:49:53.604Z",
            "user": 1,
            "content_type": 9,
            "object_id": "1",
            "object_repr": "Aston Martin DBS Supeleggera Lightning Silver",
            "action_flag": 2,
            "change_message": "[{\"changed\": {\"fields\": [\"Desc\"]}}]"
        }
    },
    {
        "model": "admin.logentry",
        "pk": 73,
        "fields": {
            "action_time": "2023-02-25T18:50:07.115Z",
            "user": 1,
            "content_type": 9,
            "object_id": "2",
            "object_repr": "Bugatti EB Veyron 16.4 Black/Aluminum Casting",
            "action_flag": 2,
            "change_message": "[]"
        }
    },
    {
        "model": "admin.logentry",
        "pk": 74,
        "fields": {
            "action_time": "2023-02-25T18:50:16.813Z",
            "user": 1,
            "content_type": 9,
            "object_id": "3",
            "object_repr": "Hennessey Venom GT Spyder White",
            "action_flag": 2,
            "change_message": "[]"
        }
    },
    {
        "model": "admin.logentry",
        "pk": 75,
        "fields": {
            "action_time": "2023-02-25T18:50:22.329Z",
            "user": 1,
            "content_type": 9,
            "object_id": "6",
            "object_repr": "Lexus LFA Pearl Red",
            "action_flag": 2,
            "change_message": "[]"
        }
    },
    {
        "model": "admin.logentry",
        "pk": 76,
        "fields": {
            "action_time": "2023-02-25T18:50:34.179Z",
            "user": 1,
            "content_type": 9,
            "object_id": "7",
            "object_repr": "McLaren P1 Azure Blue",
            "action_flag": 2,
            "change_message": "[{\"changed\": {\"fields\": [\"Desc\"]}}]"
        }
    },
    {
        "model": "admin.logentry",
        "pk": 77,
        "fields": {
            "action_time": "2023-02-25T18:51:04.106Z",
            "user": 1,
            "content_type": 9,
            "object_id": "8",
            "object_repr": "McLaren Senna Stealth Black",
            "action_flag": 2,
            "change_message": "[{\"changed\": {\"fields\": [\"Desc\"]}}]"
        }
    },
    {
        "model": "admin.logentry",
        "pk": 78,
        "fields": {
            "action_time": "2023-02-25T18:51:12.766Z",
            "user": 1,
            "content_type": 9,
            "object_id": "9",
            "object_repr": "McLaren Senna Trophy Orange",
            "action_flag": 2,
            "change_message": "[{\"changed\": {\"fields\": [\"Desc\"]}}]"
        }
    },
    {
        "model": "admin.logentry",
        "pk": 79,
        "fields": {
            "action_time": "2023-02-25T18:51:22.190Z",
            "user": 1,
            "content_type": 9,
            "object_id": "10",
            "object_repr": "Pagani Huayra Metallic Silver",
            "action_flag": 2,
            "change_message": "[]"
        }
    },
    {
        "model": "admin.logentry",
        "pk": 80,
        "fields": {
            "action_time": "2023-02-25T18:51:58.466Z",
            "user": 1,
            "content_type": 9,
            "object_id": "11",
            "object_repr": "Porsche 911 GT2 RS Weissach Package GT Silver",
            "action_flag": 2,
            "change_message": "[{\"changed\": {\"fields\": [\"Desc\"]}}]"
        }
    },
    {
        "model": "admin.logentry",
        "pk": 81,
        "fields": {
            "action_time": "2023-02-25T18:52:10.063Z",
            "user": 1,
            "content_type": 9,
            "object_id": "12",
            "object_repr": "Lamborghini Aventador LP700-4 Metallic Grey",
            "action_flag": 2,
            "change_message": "[{\"changed\": {\"fields\": [\"Desc\"]}}]"
        }
    },
    {
        "model": "admin.logentry",
        "pk": 82,
        "fields": {
            "action_time": "2023-02-25T18:52:18.032Z",
            "user": 1,
            "content_type": 9,
            "object_id": "13",
            "object_repr": "Lamborghini Countach 5000S Blue",
            "action_flag": 2,
            "change_message": "[]"
        }
    },
    {
        "model": "admin.logentry",
        "pk": 83,
        "fields": {
            "action_time": "2023-02-25T18:52:39.411Z",
            "user": 1,
            "content_type": 9,
            "object_id": "14",
            "object_repr": "McLaren F1 Metallic Black",
            "action_flag": 2,
            "change_message": "[{\"changed\": {\"fields\": [\"Desc\"]}}]"
        }
    },
    {
        "model": "admin.logentry",
        "pk": 84,
        "fields": {
            "action_time": "2023-02-25T18:52:48.018Z",
            "user": 1,
            "content_type": 9,
            "object_id": "15",
            "object_repr": "Bugatti Chiron Light Blue",
            "action_flag": 2,
            "change_message": "[]"
        }
    },
    {
        "model": "admin.logentry",
        "pk": 85,
        "fields": {
            "action_time": "2023-02-25T18:53:35.775Z",
            "user": 1,
            "content_type": 9,
            "object_id": "16",
            "object_repr": "Ferrari 458 Speciale A Tri-layer Yellow",
            "action_flag": 2,
            "change_message": "[{\"changed\": {\"fields\": [\"Desc\"]}}]"
        }
    },
    {
        "model": "admin.logentry",
        "pk": 86,
        "fields": {
            "action_time": "2023-02-25T18:54:31.704Z",
            "user": 1,
            "content_type": 9,
            "object_id": "17",
            "object_repr": "Lamborghini Huracan Performante Spyder Mantis Green",
            "action_flag": 2,
            "change_message": "[{\"changed\": {\"fields\": [\"Title\", \"Desc\"]}}]"
        }
    },
    {
        "model": "admin.logentry",
        "pk": 87,
        "fields": {
            "action_time": "2023-02-25T18:54:37.479Z",
            "user": 1,
            "content_type": 9,
            "object_id": "18",
            "object_repr": "Ferrari LaFerrari Aperta Mettalic Black",
            "action_flag": 2,
            "change_message": "[]"
        }
    },
    {
        "model": "admin.logentry",
        "pk": 88,
        "fields": {
            "action_time": "2023-02-25T18:54:43.919Z",
            "user": 1,
            "content_type": 9,
            "object_id": "19",
            "object_repr": "Bugatti Divo Metallic Silver",
            "action_flag": 2,
            "change_message": "[]"
        }
    },
    {
        "model": "admin.logentry",
        "pk": 89,
        "fields": {
            "action_time": "2023-02-25T19:00:53.888Z",
            "user": 1,
            "content_type": 9,
            "object_id": "25",
            "object_repr": "Lamborghini Autentica Titan Grey",
            "action_flag": 2,
            "change_message": "[{\"changed\": {\"fields\": [\"Title\"]}}]"
        }
    },
    {
        "model": "admin.logentry",
        "pk": 90,
        "fields": {
            "action_time": "2023-02-25T19:01:25.325Z",
            "user": 1,
            "content_type": 9,
            "object_id": "25",
            "object_repr": "Lamborghini Autentica Titan Grey",
            "action_flag": 2,
            "change_message": "[{\"changed\": {\"fields\": [\"Desc\"]}}]"
        }
    },
    {
        "model": "admin.logentry",
        "pk": 91,
        "fields": {
            "action_time": "2023-02-25T19:05:19.095Z",
            "user": 1,
            "content_type": 15,
            "object_id": "2",
            "object_repr": "MR Collection",
            "action_flag": 2,
            "change_message": "[{\"changed\": {\"fields\": [\"Desc\"]}}]"
        }
    },
    {
        "model": "admin.logentry",
        "pk": 92,
        "fields": {
            "action_time": "2023-02-25T19:05:44.978Z",
            "user": 1,
            "content_type": 9,
            "object_id": "15",
            "object_repr": "Bugatti Chiron Light Blue",
            "action_flag": 2,
            "change_message": "[{\"changed\": {\"fields\": [\"Desc\"]}}]"
        }
    },
    {
        "model": "admin.logentry",
        "pk": 93,
        "fields": {
            "action_time": "2023-02-25T19:05:51.529Z",
            "user": 1,
            "content_type": 9,
            "object_id": "16",
            "object_repr": "Ferrari 458 Speciale A Tri-layer Yellow",
            "action_flag": 2,
            "change_message": "[{\"changed\": {\"fields\": [\"Desc\"]}}]"
        }
    },
    {
        "model": "admin.logentry",
        "pk": 94,
        "fields": {
            "action_time": "2023-02-25T19:05:59.063Z",
            "user": 1,
            "content_type": 9,
            "object_id": "17",
            "object_repr": "Lamborghini Huracan Performante Spyder Mantis Green",
            "action_flag": 2,
            "change_message": "[{\"changed\": {\"fields\": [\"Desc\"]}}]"
        }
    },
    {
        "model": "admin.logentry",
        "pk": 95,
        "fields": {
            "action_time": "2023-02-25T19:06:08.464Z",
            "user": 1,
            "content_type": 9,
            "object_id": "18",
            "object_repr": "Ferrari LaFerrari Aperta Mettalic Black",
            "action_flag": 2,
            "change_message": "[{\"changed\": {\"fields\": [\"Desc\"]}}]"
        }
    },
    {
        "model": "admin.logentry",
        "pk": 96,
        "fields": {
            "action_time": "2023-02-25T19:06:16.928Z",
            "user": 1,
            "content_type": 9,
            "object_id": "19",
            "object_repr": "Bugatti Divo Metallic Silver",
            "action_flag": 2,
            "change_message": "[{\"changed\": {\"fields\": [\"Desc\"]}}]"
        }
    },
    {
        "model": "admin.logentry",
        "pk": 97,
        "fields": {
            "action_time": "2023-02-25T19:06:25.413Z",
            "user": 1,
            "content_type": 9,
            "object_id": "20",
            "object_repr": "Lamborghini Terzo Millennio",
            "action_flag": 2,
            "change_message": "[{\"changed\": {\"fields\": [\"Desc\"]}}]"
        }
    },
    {
        "model": "admin.logentry",
        "pk": 98,
        "fields": {
            "action_time": "2023-02-25T19:06:30.552Z",
            "user": 1,
            "content_type": 9,
            "object_id": "21",
            "object_repr": "Ferrari F8 Tributo",
            "action_flag": 2,
            "change_message": "[]"
        }
    },
    {
        "model": "auth.user",
        "pk": 1,
        "fields": {
            "password": "pbkdf2_sha256$390000$qzOLiA0O0Jd0uLdc8tdE8U$AYt7bv0tOyaIv10NhbZ9duK0OzGKu1bNtK+yf3epogM=",
            "last_login": "2023-02-14T15:50:02.352Z",
            "is_superuser": true,
            "username": "ofri",
            "first_name": "",
            "last_name": "",
            "email": "ofri0101@gmail.com",
            "is_staff": true,
            "is_active": true,
            "date_joined": "2023-02-14T15:49:04.572Z",
            "groups": [],
            "user_permissions": []
        }
    },
    {
        "model": "sessions.session",
        "pk": "8vlny8atiboo85a4xrcg19ah740z6lk2",
        "fields": {
            "session_data": ".eJxVjEsOAiEQBe_C2hDBHuh26d4zTBpoZNRAMp-V8e5KMgvdvbyq1EuNvK1l3BaZxympszLq8PsFjg-pHaQ711vTsdV1noLuit7poq8tyfOyu3-BwkvpWaEhQ3YWhwGQyKVsjefg8TuDQx9RQrYUAUiSQSAPzOTwKBFPQOr9Ac-4N1k:1pRxZC:65JY7YjNK-l7LkVlCCIzfqNCYpA2d3HTkyOVnZP6duM",
            "expire_date": "2023-02-28T15:50:02.356Z"
        }
    },
    {
        "model": "base.brand",
        "pk": 1,
        "fields": {
            "user": 1,
            "desc": "AutoArt",
            "createdTime": "2023-02-16T11:54:47.951Z"
        }
    },
    {
        "model": "base.brand",
        "pk": 2,
        "fields": {
            "user": 1,
            "desc": "MR Collection",
            "createdTime": "2023-02-20T12:31:51.542Z"
        }
    },
    {
        "model": "base.scale",
        "pk": 1,
        "fields": {
            "user": 1,
            "desc": "1:18",
            "createdTime": "2023-02-16T11:54:57.157Z"
        }
    },
    {
        "model": "base.scale",
        "pk": 2,
        "fields": {
            "user": 1,
            "desc": "1:43",
            "createdTime": "2023-02-16T11:55:10.295Z"
        }
    },
    {
        "model": "base.product",
        "pk": 1,
        "fields": {
            "user": 1,
            "title": "Aston Martin DBS Supeleggera Lightning Silver",
            "desc": "1:18 Aston Martin DBS Supeleggera in Lightning Silver by AutoArt. Open diecast model with steerable wheels, opening doors, hood and trunk. Comes in a brand new, unopened and undamaged box. The DBS Superleggera is based on the DB11, but that's where it ends. Driving it hard reveals everything has been dialled up to 11.",
            "price": "220.00",
            "createdTime": "2023-02-16T12:51:16.344Z",
            "brand": 1,
            "scale": 1,
            "image": "aston_martin_dbs_silver.jpg"
        }
    },
    {
        "model": "base.product",
        "pk": 2,
        "fields": {
            "user": 1,
            "title": "Bugatti EB Veyron 16.4 Black/Aluminum Casting",
            "desc": "1:18 Bugatti EB Veyron 16.4 in Black/Aluminum Casting by Autoart. Open diecast model with steerable wheels, opening doors, engine hood, trunk and adjustable spioler. Comes in a brand new, unopened and undamaged box. Veyron is one of the fastest car ever produced in the history of automotive. With more than 1000 HP and a speed over 400 km/h, is a rocket with the wheels that can be appreciated at the best only in circuits.",
            "price": "320.00",
            "createdTime": "2023-02-16T13:04:17.603Z",
            "brand": 1,
            "scale": 1,
            "image": "bugatti_veyron_black_silver.jpg"
        }
    },
    {
        "model": "base.product",
        "pk": 3,
        "fields": {
            "user": 1,
            "title": "Hennessey Venom GT Spyder White",
            "desc": "1:18 Hennessey Venom GT Spyder in White by AutoArt. Open diecast model with steerable wheels, opening doors ,engine hood and adjustable spoiler. Comes in a brand new, unopened and undamaged box. With a thoroughly modern chassis from the Elise and more than enough power from the LS9 V8, the Venom set the world record for production cars in February of 2014 when Brian Smith drove a Venom to 270.49 mph (435.31 km/h) on the Kennedy Space Center space shuttle landing runway.",
            "price": "225.00",
            "createdTime": "2023-02-16T13:07:50.824Z",
            "brand": 1,
            "scale": 1,
            "image": "hennessey_venom_white.jpg"
        }
    },
    {
        "model": "base.product",
        "pk": 4,
        "fields": {
            "user": 1,
            "title": "Lamborghini Aventador SVJ Pearl Purple",
            "desc": "1:18 Lamborghini Aventador SVJ in Pearl Purple by AutoArt. Open diecast model with steerable wheels, opening doors, engine hood and trunk. Comes in a brand new, unopened and undamaged box. Unveiled at the 2018 Pebble Beach Concours d├åElegance, the Aventador SVJ (Super Veloce Jota) is a powerful and track focused iteration of the Aventador SV. Real emotions shape the future.",
            "price": "250.00",
            "createdTime": "2023-02-16T13:09:57.419Z",
            "brand": 1,
            "scale": 1,
            "image": "lamborghini_aventador_svj_purple.jpg"
        }
    },
    {
        "model": "base.product",
        "pk": 5,
        "fields": {
            "user": 1,
            "title": "Lamborghini Huracan Evo Forest Green",
            "desc": "1:18 Lamborghini Huracan Evo in Forest Green by Autoart. Open diecast model with steerable wheels, opening doors, engine hood and trunk. Comes in a brand new, unopened and undamaged box. The Hurac├ƒn EVO delivers the evolution of the most successful Lamborghini V10 to the realm of pure, unfiltered driving emotion, where skill and engineering excellence combine to deliver an exhilarating experience. As the driver, you exercise greater control over the car to form a unique and intimate bond: Rewind to Rear-Wheel Drive means a return to the origins of mechanical purity, the true essence of a Lamborghini.",
            "price": "210.00",
            "createdTime": "2023-02-16T13:13:03.958Z",
            "brand": 1,
            "scale": 1,
            "image": "lamborghini_huracan_green.jpg"
        }
    },
    {
        "model": "base.product",
        "pk": 6,
        "fields": {
            "user": 1,
            "title": "Lexus LFA Pearl Red",
            "desc": "1:18 Lexus LFA in Pearl Red by Autoart. Open diecast model with steerable wheels, opening doors, engine hood , trunk and adjustable spoiler. Comes in a brand new, unopened and undamaged box. Powerful and balanced, the LFA was manufactured with a 4.8 litre V10 engine at its heart. Combined with a unique carbon fibre reinforced plastic body and six-speed Automated Sequential Gearbox (ASG), it delivers exceptional responsiveness, class and mind-blowing style.",
            "price": "250.00",
            "createdTime": "2023-02-16T13:16:28.750Z",
            "brand": 1,
            "scale": 1,
            "image": "lexus_lfa_red.jpg"
        }
    },
    {
        "model": "base.product",
        "pk": 7,
        "fields": {
            "user": 1,
            "title": "McLaren P1 Azure Blue",
            "desc": "1:18 McLaren P1 in Azure Blue by AutoArt. Open diecast model with steerable wheels, opening doors, engine hood, trunk and adjustable/removable spoiler. Comes in a brand new, unopened and undamaged box. The best-looking cars are the ones with real substance as well as style. The P1 is a stunning piece of automotive design, but you won't find any needless ornaments or frivolous styling features on it. Every surface has been designed to work, every part given the same aerodynamic consideration as if it was part of an aircraft or a Formula 1 car.",
            "price": "250.00",
            "createdTime": "2023-02-16T13:19:23.702Z",
            "brand": 1,
            "scale": 1,
            "image": "mclaren_p1_blue.jpg"
        }
    },
    {
        "model": "base.product",
        "pk": 8,
        "fields": {
            "user": 1,
            "title": "McLaren Senna Stealth Black",
            "desc": "1:18 McLaren Senna in Stealth Black by Autoart. Open diecast model with steerable wheels and opening doors. Comes in a brand new, unopened and undamaged box. The McLaren Senna has a single-minded purpose. In the pursuit of the most rewarding and intuitive driving experience, pioneering active aerodynamics generate unprecedented levels of downforce. It is the most direct and responsive McLaren ever built, surpassing even the McLaren P1 GTR, to create the purest connection with the driver. The McLaren Senna is a new track benchmark for McLaren.",
            "price": "260.00",
            "createdTime": "2023-02-16T13:22:00.872Z",
            "brand": 1,
            "scale": 1,
            "image": "mclaren_senna_black.jpg"
        }
    },
    {
        "model": "base.product",
        "pk": 9,
        "fields": {
            "user": 1,
            "title": "McLaren Senna Trophy Orange",
            "desc": "1:18 McLaren Senna in Trophy Orange by Autoart. Open diecast model with steerable wheels and opening doors. Comes in a brand new, unopened and undamaged box. The McLaren Senna has a single-minded purpose. In the pursuit of the most rewarding and intuitive driving experience, pioneering active aerodynamics generate unprecedented levels of downforce. It is the most direct and responsive McLaren ever built, surpassing even the McLaren P1 GTR, to create the purest connection with the driver. The McLaren Senna is a new track benchmark for McLaren.",
            "price": "260.00",
            "createdTime": "2023-02-16T13:23:32.742Z",
            "brand": 1,
            "scale": 1,
            "image": "mclaren_senna_orange.jpg"
        }
    },
    {
        "model": "base.product",
        "pk": 10,
        "fields": {
            "user": 1,
            "title": "Pagani Huayra Metallic Silver",
            "desc": "1:18 Pagani Huayra in Metallic Silver by AutoArt. Open diecast model with steerable wheels, opening doors, hood and trunk. Comes in a brand new, unopened and undamaged box. An exotic among exotics, the Pagani Huayra is one man's vision made real: Horacio Pagani's ambition to create an embodiment of the Wind God Huayra Tata.",
            "price": "350.00",
            "createdTime": "2023-02-16T13:26:15.574Z",
            "brand": 1,
            "scale": 1,
            "image": "pagani_huayra_silver.jpg"
        }
    },
    {
        "model": "base.product",
        "pk": 11,
        "fields": {
            "user": 1,
            "title": "Porsche 911 GT2 RS Weissach Package GT Silver",
            "desc": "1:18 Porsche 911 GT2 RS Weissach Package in GT Silver by AutoArt. Open diecast model with steerable wheels, opening doors, hood and trunk. Comes in a brand new, unopened and undamaged box. Its legacy: speaks for itself. The new 911 GT2 RS comes from Flacht. A place where motorsports legends are born, and winning models are developed. It is an enhanced version of the 911 GT2 RS - the most powerful road-approved 911 to date - built for the race track. Its performance: even more uncompromising. Its territory: the race track. And rightly so. Because for us, the new 911 GT2 RS Clubsport is proof that almost anything is possible.",
            "price": "220.00",
            "createdTime": "2023-02-16T13:28:16.077Z",
            "brand": 1,
            "scale": 1,
            "image": "porsche_911_silver.jpg"
        }
    },
    {
        "model": "base.product",
        "pk": 12,
        "fields": {
            "user": 1,
            "title": "Lamborghini Aventador LP700-4 Metallic Grey",
            "desc": "1:43 Lamborghini Aventador LP700-4 in Metallic Grey by Autoart. Open diecast model with steerable wheels, opening doors, hood and trunk. Comes in a brand new, unopened and undamaged box. It's named as a fighting bull, as tradition of Lamborghini. Presented at Geneva Motor Show in 2011, Lamborghini Aventador was a great revolution for the house of the raging bull: it was one of the most successful models in its history.",
            "price": "165.00",
            "createdTime": "2023-02-16T13:30:34.579Z",
            "brand": 1,
            "scale": 2,
            "image": "lamborghini_aventador_1_43_grey.jpg"
        }
    },
    {
        "model": "base.product",
        "pk": 13,
        "fields": {
            "user": 1,
            "title": "Lamborghini Countach 5000S Blue",
            "desc": "1:43 Lamborghini Countach 5000S in Blue by AutoArt. Open diecast model with steerable wheels, opening doors, hood and trunk. Comes in a brand new, unopened and undamaged box. You shouldn't have this car. Nobody should have this car. That's obvious from what happens to people when they are exposed to it. On the freeway, fellow motor┬íists tuck into your blind spot, watching from where they can't be seen, all expression shocked right off their faces, power┬íless to do anything but stare.",
            "price": "150.00",
            "createdTime": "2023-02-16T13:32:01.872Z",
            "brand": 1,
            "scale": 2,
            "image": "lamborghini_countach_1_43_blue.jpg"
        }
    },
    {
        "model": "base.product",
        "pk": 14,
        "fields": {
            "user": 1,
            "title": "McLaren F1 Metallic Black",
            "desc": "1:43 McLaren F1 in Metallic Black by AutoArt. Open diecast model with steerable wheels, opening doors, hood, trunk with opening side panels with moving parts. Comes in a brand new, unopened and undamaged box. Power, pace and peerless quality, the legendary F1 is a technological masterpiece. The fastest production car of its time. The finest sports car of its generation. For many, it's the greatest supercar ever built.",
            "price": "180.00",
            "createdTime": "2023-02-16T13:34:37.811Z",
            "brand": 1,
            "scale": 2,
            "image": "mclaren_f1_1_43_black.jpg"
        }
    },
    {
        "model": "base.product",
        "pk": 15,
        "fields": {
            "user": 1,
            "title": "Bugatti Chiron Light Blue",
            "desc": "1:18 Bugatti Chiron in Light Blue by MR Collection. Sealed resin model with no moving parts. Comes in a brand new, unopened and undamaged box. Homage to the Monaco driver Louis Chiron who caught his first victory with a Bugatti, Chiron will be a dream for those who will drive it, but also for those, the majority, who will admire it, even if only on the desk.",
            "price": "400.00",
            "createdTime": "2023-02-20T14:04:55.917Z",
            "brand": 2,
            "scale": 1,
            "image": "bugatti_chiron_blue.jpg"
        }
    },
    {
        "model": "base.product",
        "pk": 16,
        "fields": {
            "user": 1,
            "title": "Ferrari 458 Speciale A Tri-layer Yellow",
            "desc": "1:18 Ferrari 458 Speciale A in Tri-layer Yellow by MR Collection. Sealed resin model with no moving parts. Comes in a brand new, unopened and undamaged box. This special edition of Ferrari 458 was born in 2103 with the goal of making the car more extreme as possible. With a more powerful engine (605 HP) and an essential car body with a reduction of weight, 458 Speciale is a car dedicated to people that love racing and speed. This is the 'barchetta' edition, without the roof.",
            "price": "400.00",
            "createdTime": "2023-02-20T14:08:44.352Z",
            "brand": 2,
            "scale": 1,
            "image": "Ferrari_458_Speciale_yellow.jpg"
        }
    },
    {
        "model": "base.product",
        "pk": 17,
        "fields": {
            "user": 1,
            "title": "Lamborghini Huracan Performante Spyder Mantis Green",
            "desc": "1:18 Lamborghini Huracan Performante Spyder in Mantis Green by MR Collection. Sealed resin model with no moving parts. Comes in a brand new, unopened and undamaged box. Huracan Performante Spyder is the new supercar by Automobili Lamborghini unveiled during Geneva International Motor Show 2018. It has 30 CV more than the previous Huracan Spyder and 35 kg weight less. It grants incredibile performances and driving emotions thanks to the new A.L.A. system for aerodynamics.",
            "price": "420.00",
            "createdTime": "2023-02-20T14:11:06.990Z",
            "brand": 2,
            "scale": 1,
            "image": "lamborghini-huracan-performante-spyder-green.jpg"
        }
    },
    {
        "model": "base.product",
        "pk": 18,
        "fields": {
            "user": 1,
            "title": "Ferrari LaFerrari Aperta Mettalic Black",
            "desc": "1:43 Ferrari LaFerrari Aperta in Mettalic Black by MR Collection. Sealed resin model with no opening parts, comes with a carbon fiber like patterned platform. Comes in a brand new, unopened and undamaged box.",
            "price": "180.00",
            "createdTime": "2023-02-20T14:14:35.330Z",
            "brand": 2,
            "scale": 2,
            "image": "Ferrari_LaFerrari_Aperta_1_43.jpg"
        }
    },
    {
        "model": "base.product",
        "pk": 19,
        "fields": {
            "user": 1,
            "title": "Bugatti Divo Metallic Silver",
            "desc": "1:18 Bugatti Divo in Metallic Silver by MR Collection. Sealed resin model with no opening parts, comes with a carbon fiber like patterned platform. Comes in a brand new, unopened and undamaged box. The Bugatti Divo was showed for the first time at the exclusive automotive event \"The Quail: A Motorsports Gathering\" in Monterey during Monterey Car Week 2018.  With the Divo, the Bugatti has developed a super sports car tuned for agility, nimbleness and optimum handling performance on winding roads. It is powered by Bugatti's iconic eight-litre W16 engine with a power output of 1,500 PS.",
            "price": "450.00",
            "createdTime": "2023-02-20T14:19:14.390Z",
            "brand": 2,
            "scale": 1,
            "image": "bugatti-divo_silver.jpg"
        }
    },
    {
        "model": "base.product",
        "pk": 20,
        "fields": {
            "user": 1,
            "title": "Lamborghini Terzo Millennio",
            "desc": "1:18 Lamborghini Terzo Millennio in Matt Grey by MR Collection. Sealed resin model with no opening parts, comes with a carbon fiber like patterned platform. Comes in a brand new, unopened and undamaged box. Designed in collaboration with students and professors from the Massachusetts Institute of Technology (MIT), the all-electric Terzo Millennio answers the simple question of what the super sports car of the future might look like.",
            "price": "450.00",
            "createdTime": "2023-02-20T14:21:11.254Z",
            "brand": 2,
            "scale": 1,
            "image": "lamborghini_terzo_millennio.jpg"
        }
    },
    {
        "model": "base.product",
        "pk": 21,
        "fields": {
            "user": 1,
            "title": "Ferrari F8 Tributo",
            "desc": "1:18 Ferrari F8 Tributo in Blue Corsa by MR Collection. Sealed resin model with no opening parts, comes with a leather covered platform. Comes in a brand new, unopened and undamaged box. The Ferrari F8 Tributo is a mid-engine sports car produced by the Italian automobile manufacturer Ferrari. The car is an update to the 488 (which itself was a heavily revised Ferrari 458) with notable exterior and performance changes.",
            "price": "430.00",
            "createdTime": "2023-02-20T14:53:21.069Z",
            "brand": 2,
            "scale": 1,
            "image": "ferrari_f8_tributo_blue.jpg"
        }
    },
    {
        "model": "base.product",
        "pk": 22,
        "fields": {
            "user": 1,
            "title": "Ferrari FXX-K Evo White",
            "desc": "1:18 Ferrari FXX-K Evo in White by MR Collection. Sealed resin model with no opening parts. Comes in a brand new, unopened and undamaged box. Unveiled at the 2017 Finali Mondiali celebration, the FXX-K Evo it's a thoroughbred born to race. A single model worth more than 4 millions of euros and can't be driven freely on the streets or on tracks, but just in very exclusive events held by Ferrari for its most valuable customers.",
            "price": "400.00",
            "createdTime": "2023-02-20T14:56:06.861Z",
            "brand": 2,
            "scale": 1,
            "image": "ferrari-fxx-k_evo_white.jpg"
        }
    },
    {
        "model": "base.product",
        "pk": 23,
        "fields": {
            "user": 1,
            "title": "Lamborghini Aventador S Roadster 50th Ann. Japan Pegasus Black",
            "desc": "1:18 Lamborghini Aventador S Roadster 50th Ann. Japan in Pegasus Black by MR Collection. Sealed resin model with no opening parts, comes with a fabric coated platform. Comes in a brand new, unopened and undamaged box. These special editions of Lamborghini Aventador S Roadster were designed celebrate the Italian marque completing 50 years in the Japanese market. The Real Cars will only be available in Japan and are inspired by the five natural elements in Japanese culture - earth, wind, fire, water, and sky.",
            "price": "450.00",
            "createdTime": "2023-02-20T14:59:16.072Z",
            "brand": 2,
            "scale": 1,
            "image": "lamborghini-aventador-s-roadster-japan_sky.jpg"
        }
    },
    {
        "model": "base.product",
        "pk": 24,
        "fields": {
            "user": 1,
            "title": "Ferrari LaFerrari Aperta Red Corsa",
            "desc": "1:18 Ferrari LaFerrari Aperta in Red Corsa by MR Collection. Sealed resin model with no opening parts. Comes in a brand new, unopened and undamaged box. Showed for the first time in Paris Motor Show 2016, Ferrari LaFerrari Open-Top is the open-top edition of the celebrated 2013 LaFerrari, the car that took the heritage of Ferrari Enzo. This incredibile car will be produced only in limited edition, but all the models were sold before car launch. It boast an hybrid engine with the HY-KERS technology. The total power of the engine unit is of 963 HP!",
            "price": "400.00",
            "createdTime": "2023-02-20T15:01:46.177Z",
            "brand": 2,
            "scale": 1,
            "image": "ferrari_laferrari_aperta_red.jpg"
        }
    },
    {
        "model": "base.product",
        "pk": 25,
        "fields": {
            "user": 1,
            "title": "Lamborghini Autentica Titan Grey",
            "desc": "1:18 Lamborghini Autentica in Titan Grey by MR Collection. Sealed resin model with no opening parts, comes with a carbon fiber like patterned platform. Comes in a brand new, unopened and undamaged box. Two one-offs, a roadster and a coupe, mark the end of production of super sports cars powered by the V12 combustion engine in the lead-up to the hybrid era. Once again Lamborghini is celebrating the naturally aspirated V12 engine with the unveiling of two one-offs: the Invencible coupe and the Autentica roadster. Two one-of-a-kind cars that highlight the brandΓÇÖs DNA and represent the pinnacle of exclusivity and customization, involving the customer from the very beginning of the project to create a completely bespoke car.",
            "price": "470.00",
            "createdTime": "2023-02-20T15:04:30.614Z",
            "brand": 2,
            "scale": 1,
            "image": "Lamborghini_Autentica_silver.jpg"
        }
    },
    {
        "model": "base.product",
        "pk": 26,
        "fields": {
            "user": 1,
            "title": "Lamborghini Invencible Hephaestus red",
            "desc": "1:18 Lamborghini Invencible in Hephaestus red by MR Collection. Sealed resin model with no opening parts, comes with a carbon fiber like patterned platform. Comes in a brand new, unopened and undamaged box. Two one-offs, a roadster and a coupe, mark the end of production of super sports cars powered by the V12 combustion engine in the lead-up to the hybrid era. Once again Lamborghini is celebrating the naturally aspirated V12 engine with the unveiling of two one-offs: the Invencible coupe and the Autentica roadster. Two one-of-a-kind cars that highlight the brandΓÇÖs DNA and represent the pinnacle of exclusivity and customization, involving the customer from the very beginning of the project to create a completely bespoke car.",
            "price": "470.00",
            "createdTime": "2023-02-20T15:06:49.662Z",
            "brand": 2,
            "scale": 1,
            "image": "Lamborghini_Invencible_red.jpg"
        }
    },
    {
        "model": "base.order",
        "pk": 1,
        "fields": {
            "user": 1,
            "address": "Thelet 50",
            "city": "Modiin",
            "zip_code": "7179027",
            "billing_address": "Thelet 50",
            "billing_city": "Modiin",
            "billing_zip_code": "7179027",
            "createdTime": "2023-02-19T18:55:19.192Z"
        }
    },
    {
        "model": "base.orderdetail",
        "pk": 1,
        "fields": {
            "order": 1,
            "product": 13,
            "amount": 1
        }
    },
    {
        "model": "base.review",
        "pk": 1,
        "fields": {
            "user": 1,
            "username": "ofri",
            "product": 12,
            "title": "good car",
            "desc": "nice car",
            "rating": 5.0
        }
    },
    {
        "model": "base.review",
        "pk": 2,
        "fields": {
            "user": 1,
            "username": "ofri",
            "product": 6,
            "title": "Good car",
            "desc": "nice red car great details",
            "rating": 4.5
        }
    },
    {
        "model": "token_blacklist.outstandingtoken",
        "pk": 1,
        "fields": {
            "user": 1,
            "jti": "49bb27a7696347e58b25f113547933f4",
            "token": "eyJhbGciOiJIUzI1NiIsInR5cCI6IkpXVCJ9.eyJ0b2tlbl90eXBlIjoicmVmcmVzaCIsImV4cCI6MTY4NDE2NzU5OCwiaWF0IjoxNjc2MzkxNTk4LCJqdGkiOiI0OWJiMjdhNzY5NjM0N2U1OGIyNWYxMTM1NDc5MzNmNCIsInVzZXJfaWQiOjF9.rAfar7bUvMjBwWGAXrN6ngVwNDWP8IyszX-SJah_GoY",
            "created_at": "2023-02-14T16:19:58.236Z",
            "expires_at": "2023-05-15T16:19:58Z"
        }
    },
    {
        "model": "token_blacklist.outstandingtoken",
        "pk": 2,
        "fields": {
            "user": 1,
            "jti": "a8f0d179374342898e5d8be87657d691",
            "token": "eyJhbGciOiJIUzI1NiIsInR5cCI6IkpXVCJ9.eyJ0b2tlbl90eXBlIjoicmVmcmVzaCIsImV4cCI6MTY4NDMzMTE2NSwiaWF0IjoxNjc2NTU1MTY1LCJqdGkiOiJhOGYwZDE3OTM3NDM0Mjg5OGU1ZDhiZTg3NjU3ZDY5MSIsInVzZXJfaWQiOjF9.W44TSIbNx1JDzpJopVJyD9qB3NatlLlYLm9Yz-6HDkc",
            "created_at": "2023-02-16T13:46:05.960Z",
            "expires_at": "2023-05-17T13:46:05Z"
        }
    },
    {
        "model": "token_blacklist.outstandingtoken",
        "pk": 3,
        "fields": {
            "user": 1,
            "jti": "7e523af505064ce29c31dc99e5555e9c",
            "token": "eyJhbGciOiJIUzI1NiIsInR5cCI6IkpXVCJ9.eyJ0b2tlbl90eXBlIjoicmVmcmVzaCIsImV4cCI6MTY4NDUwMTkzNSwiaWF0IjoxNjc2NzI1OTM1LCJqdGkiOiI3ZTUyM2FmNTA1MDY0Y2UyOWMzMWRjOTllNTU1NWU5YyIsInVzZXJfaWQiOjF9.IDy2i-Va75U6s6WmvpsTshBpuLSY_mhbksMDu5ENSkw",
            "created_at": "2023-02-18T13:12:15.472Z",
            "expires_at": "2023-05-19T13:12:15Z"
        }
    },
    {
        "model": "token_blacklist.outstandingtoken",
        "pk": 4,
        "fields": {
            "user": 1,
            "jti": "c44b254d969b4af5ad05cac93600ebc5",
            "token": "eyJhbGciOiJIUzI1NiIsInR5cCI6IkpXVCJ9.eyJ0b2tlbl90eXBlIjoicmVmcmVzaCIsImV4cCI6MTY4NDUwNjUzMiwiaWF0IjoxNjc2NzMwNTMyLCJqdGkiOiJjNDRiMjU0ZDk2OWI0YWY1YWQwNWNhYzkzNjAwZWJjNSIsInVzZXJfaWQiOjF9.Wz-jL7cn3gXqDYdv-TjuPVsxXq3_Ics-Bkx3L0EIg6k",
            "created_at": "2023-02-18T14:28:52.102Z",
            "expires_at": "2023-05-19T14:28:52Z"
        }
    },
    {
        "model": "token_blacklist.outstandingtoken",
        "pk": 5,
        "fields": {
            "user": 1,
            "jti": "dfdbbb71ba4242fbb9478afa4e0553d5",
            "token": "eyJhbGciOiJIUzI1NiIsInR5cCI6IkpXVCJ9.eyJ0b2tlbl90eXBlIjoicmVmcmVzaCIsImV4cCI6MTY4NDUxMjE2MCwiaWF0IjoxNjc2NzM2MTYwLCJqdGkiOiJkZmRiYmI3MWJhNDI0MmZiYjk0NzhhZmE0ZTA1NTNkNSIsInVzZXJfaWQiOjF9.d8YqGaM_Yr8vdAFC-hu2zz24eW0WnOmapLRi4JM9vgY",
            "created_at": "2023-02-18T16:02:40.686Z",
            "expires_at": "2023-05-19T16:02:40Z"
        }
    },
    {
        "model": "token_blacklist.outstandingtoken",
        "pk": 6,
        "fields": {
            "user": 1,
            "jti": "e006e384926944e499ff47f133717adf",
            "token": "eyJhbGciOiJIUzI1NiIsInR5cCI6IkpXVCJ9.eyJ0b2tlbl90eXBlIjoicmVmcmVzaCIsImV4cCI6MTY4NDUxMjk1MCwiaWF0IjoxNjc2NzM2OTUwLCJqdGkiOiJlMDA2ZTM4NDkyNjk0NGU0OTlmZjQ3ZjEzMzcxN2FkZiIsInVzZXJfaWQiOjF9.BFL94PLwvW_zSef-N8D6_pwTDnZKrYZEjmomponpfPQ",
            "created_at": "2023-02-18T16:15:50.171Z",
            "expires_at": "2023-05-19T16:15:50Z"
        }
    },
    {
        "model": "token_blacklist.outstandingtoken",
        "pk": 7,
        "fields": {
            "user": 1,
            "jti": "c0bd00b3ff4e4d758bb0124a007fe333",
            "token": "eyJhbGciOiJIUzI1NiIsInR5cCI6IkpXVCJ9.eyJ0b2tlbl90eXBlIjoicmVmcmVzaCIsImV4cCI6MTY4NDU5MDAwOSwiaWF0IjoxNjc2ODE0MDA5LCJqdGkiOiJjMGJkMDBiM2ZmNGU0ZDc1OGJiMDEyNGEwMDdmZTMzMyIsInVzZXJfaWQiOjF9.VeuFWcffAEWNONVP5DW4NAtzsvVqElTSGESMSdkEuMw",
            "created_at": "2023-02-19T13:40:09.709Z",
            "expires_at": "2023-05-20T13:40:09Z"
        }
    },
    {
        "model": "token_blacklist.outstandingtoken",
        "pk": 8,
        "fields": {
            "user": 1,
            "jti": "1429cbbb4bfa40788df43d1ff12d738d",
            "token": "eyJhbGciOiJIUzI1NiIsInR5cCI6IkpXVCJ9.eyJ0b2tlbl90eXBlIjoicmVmcmVzaCIsImV4cCI6MTY4NDY2MDEwMywiaWF0IjoxNjc2ODg0MTAzLCJqdGkiOiIxNDI5Y2JiYjRiZmE0MDc4OGRmNDNkMWZmMTJkNzM4ZCIsInVzZXJfaWQiOjF9.dXiNg9N-mjjQhZDc9XAgRgT1VKTnLxea6B3XSyvvLvU",
            "created_at": "2023-02-20T09:08:23.773Z",
            "expires_at": "2023-05-21T09:08:23Z"
        }
    },
    {
        "model": "token_blacklist.outstandingtoken",
        "pk": 9,
        "fields": {
            "user": 1,
            "jti": "92c50a00c2e1413892bf9adda9e405ea",
            "token": "eyJhbGciOiJIUzI1NiIsInR5cCI6IkpXVCJ9.eyJ0b2tlbl90eXBlIjoicmVmcmVzaCIsImV4cCI6MTY4NDY2NTE2MCwiaWF0IjoxNjc2ODg5MTYwLCJqdGkiOiI5MmM1MGEwMGMyZTE0MTM4OTJiZjlhZGRhOWU0MDVlYSIsInVzZXJfaWQiOjF9.Kr1s0ltO8ON_R15JVq5xLWkkLrpTVir-iU-33_0x7JI",
            "created_at": "2023-02-20T10:32:40.425Z",
            "expires_at": "2023-05-21T10:32:40Z"
        }
    },
    {
        "model": "token_blacklist.outstandingtoken",
        "pk": 10,
        "fields": {
            "user": 1,
            "jti": "4b83d13385c44bb5bc23bd689659bea8",
            "token": "eyJhbGciOiJIUzI1NiIsInR5cCI6IkpXVCJ9.eyJ0b2tlbl90eXBlIjoicmVmcmVzaCIsImV4cCI6MTY4NDY4Nzg1MywiaWF0IjoxNjc2OTExODUzLCJqdGkiOiI0YjgzZDEzMzg1YzQ0YmI1YmMyM2JkNjg5NjU5YmVhOCIsInVzZXJfaWQiOjF9.r8TbdWmKlEn1Smcmb_RGG5veLGVRWAN02MR4iJq84_w",
            "created_at": "2023-02-20T16:50:53.508Z",
            "expires_at": "2023-05-21T16:50:53Z"
        }
    },
    {
        "model": "token_blacklist.outstandingtoken",
        "pk": 11,
        "fields": {
            "user": 1,
            "jti": "116a570fc8e04b63b63d7d0ca8bcdf81",
            "token": "eyJhbGciOiJIUzI1NiIsInR5cCI6IkpXVCJ9.eyJ0b2tlbl90eXBlIjoicmVmcmVzaCIsImV4cCI6MTY4NTExNTEyMSwiaWF0IjoxNjc3MzM5MTIxLCJqdGkiOiIxMTZhNTcwZmM4ZTA0YjYzYjYzZDdkMGNhOGJjZGY4MSIsInVzZXJfaWQiOjF9.aRf7gK2XgW12Y_nNuXQaecRoiCuAjYKEuh5BYw0g0SA",
            "created_at": "2023-02-25T15:32:01.224Z",
            "expires_at": "2023-05-26T15:32:01Z"
        }
    },
    {
        "model": "token_blacklist.blacklistedtoken",
        "pk": 1,
        "fields": {
            "token": 3,
            "blacklisted_at": "2023-02-18T14:28:36.114Z"
        }
    }
]